{
    "model_config": {
        "image_size": 128,
        "batch_size": 32,
        "epochs_trained": 93,
        "learning_rate": 0.001,
        "total_parameters": 686119
    },
    "dataset": {
        "train_samples": 1270,
        "val_samples": 354,
        "test_samples": 187,
        "num_classes": 7,
        "class_names": [
            "HDPE",
            "LDPA",
            "Other",
            "PET",
            "PP",
            "PS",
            "PVC"
        ]
    },
    "results": {
        "train_accuracy": 0.6535432934761047,
        "val_accuracy": 0.590395450592041,
        "test_accuracy": 0.5133689641952515,
        "test_precision": 0.6363636255264282,
        "test_recall": 0.3743315637111664,
        "test_f1_score": 0.47138047864244115,
        "best_val_accuracy": 0.598870038986206
    },
    "training_time": "0:52:30.360128",
    "timestamp": "2025-11-15 18:52:47"
}