{
    "model_config": {
        "image_size": 128,
        "batch_size": 32,
        "epochs_trained": 75,
        "learning_rate": 0.001,
        "total_parameters": 686119
    },
    "dataset": {
        "train_samples": 1270,
        "val_samples": 354,
        "test_samples": 187,
        "num_classes": 7,
        "class_names": [
            "HDPE",
            "LDPA",
            "Other",
            "PET",
            "PP",
            "PS",
            "PVC"
        ]
    },
    "results": {
        "train_accuracy": 0.6102362275123596,
        "val_accuracy": 0.505649745464325,
        "test_accuracy": 0.47593581676483154,
        "test_precision": 0.5416666865348816,
        "test_recall": 0.27807486057281494,
        "test_f1_score": 0.36749116564013096,
        "best_val_accuracy": 0.5225988626480103
    },
    "training_time": "0:42:27.690616",
    "timestamp": "2025-11-14 17:02:49"
}